Date,Open,High,Low,CLOSE,Adj Close,Volume
2/21/2018,372.5,372.5,362.850006,364.450012,364.450012,8640166
2/22/2018,363,363,357.5,358.5,358.5,10870704
2/23/2018,360.100006,364.600006,358.75,360.200012,360.200012,6751064
2/26/2018,362,373.5,362,372.049988,372.049988,10576794
2/27/2018,375,376.600006,370.350006,372.549988,372.549988,6156672
2/28/2018,370,373.649994,367.149994,369.899994,369.899994,8009429
3/1/2018,369.75,376.299988,369.049988,370.75,370.75,6991806
3/5/2018,368.75,368.75,350.100006,352.049988,352.049988,14665325
3/6/2018,355.149994,357.950012,345,346.5,346.5,8876632
3/7/2018,345,355.299988,343.25,347.799988,347.799988,15599393
3/8/2018,350.799988,351.899994,341.049988,345.149994,345.149994,7674221
3/9/2018,345.549988,348.700012,340.149994,341.5,341.5,5519224
3/12/2018,345,353.799988,340.350006,352.600006,352.600006,8238960
3/13/2018,352.600006,356.450012,350,353.149994,353.149994,6184241
3/14/2018,351,354.899994,349.600006,354.049988,354.049988,3820313
3/15/2018,354.049988,358.399994,351.100006,353.100006,353.100006,4331145
3/16/2018,352.049988,352.600006,338.399994,339.75,339.75,14205582
3/19/2018,341.200012,342.100006,332.549988,335.700012,335.700012,9391347
3/20/2018,335.5,340.399994,333.549988,338.799988,338.799988,5080453
3/21/2018,339.899994,342.25,332.25,333.850006,333.850006,6812442
3/22/2018,338.5,340.25,334.799988,338.200012,338.200012,9255091
3/23/2018,330,334.799988,329.600006,330.850006,330.850006,8578297
3/26/2018,328.799988,333.899994,324.299988,332.350006,332.350006,8907023
3/27/2018,333.950012,335.799988,330.100006,331.149994,331.149994,6822448
3/28/2018,331.5,333.649994,325.200012,326.850006,326.850006,10975624
4/2/2018,335,340.799988,332.700012,339.149994,339.149994,9874486
4/3/2018,338.399994,344.5,337.149994,343.100006,343.100006,6989584
4/4/2018,346.799988,363.700012,346.25,355.600006,355.600006,27157199
4/5/2018,362.600006,372.350006,359.799988,362.200012,362.200012,28886070
4/6/2018,362,368.350006,356.450012,364.100006,364.100006,13297051
4/9/2018,361.899994,368.600006,357,358.299988,358.299988,9555113
4/10/2018,360.5,362.350006,351.5,353.25,353.25,8201215
4/11/2018,355,357.149994,350.5,355.799988,355.799988,5622957
4/12/2018,358,364.399994,357,358.399994,358.399994,13145938
4/13/2018,357.899994,361,354.399994,357.049988,357.049988,5935628
4/16/2018,350.799988,352.799988,337.549988,339.149994,339.149994,19157051
4/17/2018,342.299988,344.200012,332.600006,336.450012,336.450012,14241074
4/18/2018,338.200012,339.75,333.399994,334.799988,334.799988,6699271
4/19/2018,336.5,337,332.5,334.25,334.25,7087115
4/20/2018,335.950012,343.25,334.600006,336,336,11908652
4/23/2018,335.950012,339.5,333,334.049988,334.049988,8056732
4/24/2018,334.799988,335,330.600006,331.549988,331.549988,9210931
4/25/2018,330.799988,334,327.75,328.600006,328.600006,6306039
4/26/2018,329.899994,335.950012,326,330.25,330.25,16647689
4/27/2018,333,337.649994,331.049988,336.899994,336.899994,8804236
4/30/2018,338.5,342.75,337.25,340.399994,340.399994,5937740
5/2/2018,349.200012,351.649994,335,336.049988,336.049988,16022148
5/3/2018,335.5,335.899994,329.149994,333.5,333.5,6870513
5/4/2018,333.75,337.299988,329.5,334.399994,334.399994,6660062
5/7/2018,337.850006,337.850006,333.700012,335.149994,335.149994,3888627
5/8/2018,336.299988,336.600006,330.25,332.149994,332.149994,8114997
5/9/2018,331,347.25,331,341.950012,341.950012,19019847
5/10/2018,343.75,343.75,332.75,333.600006,333.600006,11158000
5/11/2018,334,334,330,330.799988,330.799988,7365579
5/14/2018,333,333,323,323.600006,323.600006,8312976
5/15/2018,324,324.049988,305.700012,310.100006,310.100006,15323964
5/16/2018,309.950012,315.75,306.700012,310.25,310.25,12051269
5/17/2018,313.100006,319.5,309.299988,314.899994,314.899994,10214660
5/18/2018,314.75,315,303.5,304.600006,304.600006,11688577
5/21/2018,304.75,307.200012,294.700012,295.899994,295.899994,11549490
5/22/2018,296.549988,312.5,296.549988,307.700012,307.700012,17199292
5/23/2018,311.100006,317.25,305.399994,309.450012,309.450012,17698475
5/24/2018,300,307.649994,284.100006,288.649994,288.649994,46104103
5/25/2018,290.399994,297.450012,286.25,294.149994,294.149994,19240172
5/28/2018,293.75,299.899994,290.299988,296.299988,296.299988,8516862
5/29/2018,296.799988,300,293,294.649994,294.649994,9816561
5/30/2018,289.950012,292.25,286.149994,288.899994,288.899994,11649429
5/31/2018,289.950012,290.850006,281.600006,282.5,282.5,28771987
6/1/2018,284.5,290.350006,283.049988,287.200012,287.200012,15840810
6/4/2018,292.5,293.850006,286,286.649994,286.649994,10835487
6/5/2018,286.649994,288.25,283.600006,284.950012,284.950012,7456195
6/6/2018,286.850006,296.899994,285.25,295.649994,295.649994,19754001
6/7/2018,296.299988,306.899994,295.25,305.399994,305.399994,22839023
6/8/2018,305.700012,315.549988,302.399994,309.950012,309.950012,27249374
6/11/2018,310.899994,313.899994,306.649994,309.75,309.75,14650133
6/12/2018,310.950012,313.649994,307.200012,307.799988,307.799988,7932388
6/13/2018,309.200012,311.25,307,308.399994,308.399994,7280886
6/14/2018,308.5,309.600006,303.799988,305.899994,305.899994,6532693
6/15/2018,305.75,307.649994,300.549988,302.950012,302.950012,8224497
6/18/2018,302.899994,311,302.100006,308.799988,308.799988,8787098
6/19/2018,309.600006,312.799988,303.299988,305.049988,305.049988,10498362
6/20/2018,304.899994,308.25,304.049988,305.600006,305.600006,6607472
6/21/2018,307.899994,308.5,305.5,307,307,5085379
6/22/2018,306.850006,308.899994,303.200012,308,308,6033095
6/25/2018,306.299988,306.299988,287.600006,289.399994,289.399994,16392183
6/26/2018,288.399994,288.399994,275.100006,276.850006,276.850006,30728620
6/27/2018,278.5,279.5,270,271.049988,271.049988,19077416
6/28/2018,272,272.649994,261.850006,263.350006,263.350006,19507165
6/29/2018,265.450012,270.5,262.649994,269.299988,269.299988,14765516
7/2/2018,276,276.049988,265.600006,266.700012,266.700012,16495647
7/3/2018,269.5,271.5,267.200012,269.450012,269.450012,11484332
7/4/2018,270,271.5,265.649994,267.049988,267.049988,7394858
7/5/2018,263.5,263.75,252.550003,261.549988,261.549988,20820454
7/6/2018,262,272.5,261.850006,270.850006,270.850006,19215897
7/9/2018,274.600006,277,272.049988,273.5,273.5,9387556
7/10/2018,274.899994,276.899994,272.899994,275.450012,275.450012,6351033
7/11/2018,276.399994,276.399994,267.100006,267.799988,267.799988,7356582
7/12/2018,269.600006,272,265.5,266.100006,266.100006,8573517
7/13/2018,267.299988,269.399994,262.700012,263.600006,263.600006,8352827
7/16/2018,260.5,260.799988,250.5,252.100006,252.100006,11067012
7/17/2018,253,259,252.300003,257.950012,257.950012,6350966
7/18/2018,259.450012,259.450012,247.300003,251.850006,251.850006,9348644
7/19/2018,254,257.850006,251.199997,252.5,252.5,9556686
7/20/2018,252.699997,254,251,253.399994,253.399994,6422014
7/23/2018,254.949997,259.5,251.100006,258.75,258.75,8891743
7/24/2018,258.75,263.75,257.100006,258.799988,258.799988,9906160
7/25/2018,260,261.700012,256.100006,257.850006,257.850006,6721386
7/26/2018,260.100006,263,257.5,258.25,258.25,8817721
7/27/2018,259.100006,269.700012,258.549988,268.149994,268.149994,15275469
7/30/2018,267.75,271.649994,266.200012,267.5,267.5,7801098
7/31/2018,268.950012,270.450012,262.200012,264.100006,264.100006,10026055
8/1/2018,250,268,250,265.049988,265.049988,53282545
8/2/2018,263.450012,266.450012,258.700012,260.850006,260.850006,17421472
8/3/2018,262.149994,263.850006,257.600006,258.450012,258.450012,9041836
8/6/2018,259.950012,261.799988,252.5,254.050003,254.050003,11371744
8/7/2018,255.199997,256,250.550003,251.600006,251.600006,14490727
8/8/2018,253.5,258.25,251.850006,255.149994,255.149994,16125867
8/9/2018,256.649994,260.399994,255.5,257.850006,257.850006,7777719
8/10/2018,257.25,258.649994,249.550003,250.100006,250.100006,14606037
8/13/2018,249.25,249.699997,243.100006,248.699997,248.699997,13877900
8/14/2018,248.600006,249.850006,247.199997,248.800003,248.800003,9171033
8/16/2018,245.800003,252.800003,245.25,251.300003,251.300003,14148347
8/17/2018,253.699997,260.100006,253,258.25,258.25,16117660
8/20/2018,261.850006,271.850006,259.200012,270.100006,270.100006,25576718
8/21/2018,271.850006,274.700012,266.700012,268.799988,268.799988,19505584
8/23/2018,269.200012,269.200012,256,256.899994,256.899994,18667622
8/24/2018,257,258.649994,255,255.5,255.5,8703468
8/27/2018,257,259.5,256.5,258.799988,258.799988,6127707
8/28/2018,261.700012,263.25,259.049988,260,260,8506857
8/29/2018,261.049988,263.5,261,261.700012,261.700012,5117552
8/30/2018,262.299988,263,259,259.350006,259.350006,6333570
8/31/2018,259.100006,268.25,258.100006,267.5,267.5,12360078
9/3/2018,271.399994,273,265.25,266.600006,266.600006,14597832
9/4/2018,270.5,270.799988,260.350006,261.950012,261.950012,14775900
9/5/2018,261,271,255.399994,266.5,266.5,10084307
9/6/2018,269.700012,272,263.850006,269.950012,269.950012,14736214
9/7/2018,269.549988,279.899994,269.25,277.399994,277.399994,26189156
9/10/2018,276,282,271.75,275.700012,275.700012,21322969
9/11/2018,277.25,278.850006,265.700012,267.299988,267.299988,13444031
9/12/2018,268.200012,268.200012,258.850006,262.399994,262.399994,14456273
9/14/2018,265,269.600006,263.399994,266.600006,266.600006,10710620
9/17/2018,263.350006,264.100006,259.649994,260.25,260.25,9461420
9/18/2018,257.75,259.799988,250.600006,251.5,251.5,11554420
9/19/2018,253.550003,255,251,252.600006,252.600006,7845650
9/21/2018,255.050003,257.700012,228.850006,250.350006,250.350006,18547453
9/24/2018,250.199997,251,239.350006,240.199997,240.199997,8889259
9/25/2018,241,243.5,235.449997,240.800003,240.800003,9030367
9/26/2018,242.300003,243.199997,229.550003,233.350006,233.350006,17810869
9/27/2018,234.800003,236.550003,223.100006,225.25,225.25,17430781
9/28/2018,227.899994,230.699997,219.5,223.699997,223.699997,14196824
10/1/2018,225,230.449997,220,229.350006,229.350006,9743094
10/3/2018,230,232.800003,225.800003,227.600006,227.600006,9094685
10/4/2018,224,230.800003,221.75,223.25,223.25,13898979
10/5/2018,222.75,226.449997,214.75,216.25,216.25,10471026
10/8/2018,217.800003,218.5,208.100006,212.350006,212.350006,11854170
10/9/2018,205.699997,206,170.300003,184.350006,184.350006,142760251
10/10/2018,186,190.949997,185.050003,188.75,188.75,35670907
10/11/2018,180.649994,187.75,178,182.949997,182.949997,19323517
10/12/2018,185.949997,188.399994,182.600006,183.75,183.75,18014894
10/15/2018,186.5,186.5,182.699997,184.350006,184.350006,11658409
10/16/2018,185.199997,187.25,184.550003,185.850006,185.850006,9695745
10/17/2018,187.600006,187.800003,179.100006,179.949997,179.949997,12004524
10/19/2018,178.949997,179.75,174,174.699997,174.699997,10469358
10/22/2018,176.399994,176.850006,170.050003,170.75,170.75,11721075
10/23/2018,170,175.699997,169.550003,170.649994,170.649994,15588511
10/24/2018,173.899994,175,169,170.649994,170.649994,15421903
10/25/2018,168.949997,169.75,164.600006,165.350006,165.350006,14877057
10/26/2018,166,172.800003,165.899994,168.5,168.5,19584723
10/29/2018,169.949997,176.5,167.699997,175.350006,175.350006,14171750
10/30/2018,177,181.5,176.050003,177.25,177.25,15602414
10/31/2018,178.300003,180,173.449997,179.100006,179.100006,12579712
11/1/2018,182,186.050003,178.199997,179.449997,179.449997,28947802
11/2/2018,180.949997,191.850006,180.899994,190.300003,190.300003,29425248
11/5/2018,191.300003,191.300003,186.649994,189.800003,189.800003,14818506
11/6/2018,192.449997,199.949997,191.75,193.25,193.25,35339222
11/7/2018,194.949997,195.75,193.350006,194.850006,194.850006,3932893
11/9/2018,192.899994,200.75,192,195.25,195.25,22341961
11/12/2018,194.449997,194.449997,185.199997,186.050003,186.050003,20789180
11/13/2018,180.75,183,178.350006,179.5,179.5,22189598
11/14/2018,180.5,183,176.25,176.800003,176.800003,15795883
11/15/2018,178,182.699997,177.5,180.199997,180.199997,18740276
11/16/2018,180.899994,181.850006,177.850006,179.899994,179.899994,10022823
11/19/2018,180.600006,185.5,179.100006,184.600006,184.600006,14522581
11/20/2018,184.050003,188.300003,183.199997,183.75,183.75,13114982
11/21/2018,184.399994,186.75,183.75,184.149994,184.149994,8097107
11/22/2018,185.5,186.149994,181.75,182.550003,182.550003,9135857
11/26/2018,183.899994,184.449997,177,181.75,181.75,9865426
11/27/2018,181.699997,184.550003,178.550003,180.050003,180.050003,11639680
11/28/2018,181,181.350006,174,174.449997,174.449997,12504717
11/29/2018,175.949997,179.350006,173.449997,177.25,177.25,20892744
11/30/2018,172,174.899994,170.350006,171.949997,171.949997,18393012
12/3/2018,173.25,176.449997,170,175.449997,175.449997,14068885
12/4/2018,177.949997,178.75,175.300003,175.75,175.75,11481923
12/5/2018,173,173,168.600006,169.199997,169.199997,14960527
12/6/2018,168.5,168.699997,161.600006,162.649994,162.649994,15428019
12/7/2018,162.25,164.199997,160.800003,162.399994,162.399994,13545006
12/10/2018,159.899994,160.5,156.5,157.100006,157.100006,13520495
12/11/2018,155,159.5,154.649994,158.100006,158.100006,12094881
12/12/2018,159.5,167.100006,158,164.100006,164.100006,22461175
12/13/2018,166,168,165.550003,166.850006,166.850006,12235499
12/14/2018,166,168.399994,164.850006,166.949997,166.949997,10091732
12/17/2018,167.25,175.949997,167.25,173.949997,173.949997,28526103
12/18/2018,174,177.600006,173.100006,174.75,174.75,18015933
12/19/2018,176.5,176.5,172.5,173.899994,173.899994,11540042
12/20/2018,173,177.300003,171.75,176.399994,176.399994,15819006
12/21/2018,177,180.5,175.149994,176.25,176.25,23742481
12/24/2018,176.25,177.850006,171.5,172.5,172.5,11374468
12/26/2018,171.449997,172.199997,167.600006,170.899994,170.899994,12044191
12/27/2018,172.75,173.399994,167.699997,168.25,168.25,15231581
12/28/2018,169.399994,172.199997,169.149994,170.850006,170.850006,8669584
12/31/2018,172.449997,173.899994,171.75,172.699997,172.699997,8511388
1/1/2019,173.5,174.199997,171.300003,173.449997,173.449997,6715543
1/2/2019,170.600006,171.75,168,168.550003,168.550003,13410104
1/3/2019,169,170.149994,165.100006,166.050003,166.050003,9321842
1/4/2019,169,171.949997,168.5,170.949997,170.949997,17650435
1/7/2019,173.199997,178.199997,173.199997,175.350006,175.350006,21438351
1/8/2019,176.100006,180.5,176.100006,179.949997,179.949997,20128985
1/9/2019,181.5,183.600006,180.199997,183.050003,183.050003,17468948
1/10/2019,183.649994,186.850006,183.550003,185.75,185.75,16961888
1/11/2019,186.550003,187.75,179.399994,180.300003,180.300003,25902974
1/14/2019,180.300003,198.300003,177.449997,182.399994,182.399994,18935120
1/15/2019,183.300003,185.800003,181.25,185.350006,185.350006,13536578
1/16/2019,186,187.350006,184.050003,185.449997,185.449997,11874245
1/17/2019,186,187.300003,183.399994,184.899994,184.899994,9365756
1/18/2019,185.649994,185.649994,181.300003,183.300003,183.300003,6797621
1/21/2019,184.300003,184.949997,180.649994,181.5,181.5,6918258
1/22/2019,181.5,181.5,175.949997,180.850006,180.850006,9775717
1/23/2019,181.699997,182.699997,178.550003,180.25,180.25,9778926
1/24/2019,180,180.300003,173.699997,175.399994,175.399994,13461254
1/25/2019,175.949997,178.899994,171.949997,173.25,173.25,12136892
1/28/2019,173.300003,175.350006,169.399994,172.300003,172.300003,8167430
1/29/2019,172.350006,174.899994,170.899994,173.600006,173.600006,6141180
1/30/2019,174.300003,176.75,173.300003,174.600006,174.600006,7757847
1/31/2019,175.800003,183.899994,175.800003,181.199997,181.199997,22277646
2/1/2019,182,185.899994,179.550003,181.649994,181.649994,14931422
2/4/2019,181,183.699997,178.199997,180.25,180.25,11854351
2/5/2019,180.699997,181.149994,174.699997,175.800003,175.800003,12064426
2/6/2019,176,179.449997,171.899994,178.5,178.5,10334594
2/7/2019,179,185,178.899994,182.850006,182.850006,16152722
2/8/2019,164.600006,164.600006,129,150.699997,150.699997,102256857
2/11/2019,150.149994,153.25,145.850006,152.649994,152.649994,26161867
2/12/2019,152.949997,154.399994,150.600006,151.800003,151.800003,14174912
2/14/2019,155.949997,161,153.800003,159.850006,159.850006,16348306
2/15/2019,159.800003,162.300003,153.149994,161.649994,161.649994,20705576
2/18/2019,162.800003,163.449997,159.199997,162.899994,162.899994,13503666
2/19/2019,164,165.949997,161.550003,163.75,163.75,14533142
2/20/2019,164.449997,166.699997,163.75,164.800003,164.800003,11610728
2/21/2019,165.600006,170.600006,165.100006,169.699997,169.699997,14811723
2/22/2019,170,175.300003,167.850006,174.300003,174.300003,13011477
2/25/2019,175.149994,177.5,173.5,175.75,175.75,15554532
2/26/2019,173,183.449997,172.5,182.649994,182.649994,31859427
2/27/2019,183.550003,186.100006,176.100006,177.350006,177.350006,19723906
2/28/2019,180,181.550003,176.600006,177.449997,177.449997,18692372
3/1/2019,178.649994,184,177.350006,180.300003,180.300003,20539919
3/5/2019,183.800003,198.350006,181.399994,194.050003,194.050003,58138551
3/6/2019,195.399994,195.399994,187.75,188.800003,188.800003,22468702
3/7/2019,191.399994,193.449997,187.800003,189.300003,189.300003,27051501
3/8/2019,187.800003,187.949997,180,181.199997,181.199997,28012914
3/11/2019,182,184.600006,181.050003,181.850006,181.850006,25669662
3/12/2019,184.399994,186,183.550003,184.800003,184.800003,18657724
3/13/2019,184.449997,184.899994,180.399994,181.699997,181.699997,9769821
3/14/2019,181.5,182.449997,177.649994,179.550003,179.550003,15737080
3/15/2019,180.199997,181.399994,177.600006,180,180,17490993
3/18/2019,181,184.699997,179.5,182.25,182.25,14690339
3/19/2019,182,184.5,180.75,182.850006,182.850006,10318028
3/20/2019,183,183.449997,179.600006,180.199997,180.199997,7543753
3/22/2019,181.949997,182,174.899994,175.399994,175.399994,11505994
3/25/2019,173.699997,173.800003,170.550003,171.300003,171.300003,11864723
3/26/2019,171.899994,173.600006,171.600006,173.100006,173.100006,7820112
3/27/2019,174,175,169.149994,169.850006,169.850006,10047628
3/28/2019,169,171.399994,167.550003,170.550003,170.550003,13203927
4/1/2019,176.350006,189.75,176.350006,187.350006,187.350006,46389181
4/2/2019,188.050003,204.399994,185.300003,202.949997,202.949997,100834335
4/3/2019,205,208.949997,199.199997,201.350006,201.350006,81779620
4/4/2019,201.850006,206.899994,201.050003,206.149994,206.149994,41268908
4/5/2019,208,209.5,202.300003,205.149994,205.149994,32057373
4/8/2019,206,207.399994,198.800003,200.550003,200.550003,23877595
4/9/2019,200,207.600006,198.149994,205.899994,205.899994,29611268
4/10/2019,206,217.399994,205.600006,216.050003,216.050003,69349488
4/11/2019,216.600006,219.199997,213.300003,218.199997,218.199997,41859862
4/12/2019,218.949997,219,215,215.949997,215.949997,21788548
4/15/2019,217.149994,233.25,217.149994,231.75,231.75,57283251
4/16/2019,233.800003,234.100006,225.649994,230.5,230.5,41653657
4/18/2019,231.899994,239.300003,230.600006,236.25,236.25,42451178
4/22/2019,235,239.350006,231.699997,234.850006,234.850006,30282217
4/23/2019,235,235.850006,230.25,231.649994,231.649994,18975358
4/24/2019,231.649994,232.949997,217.600006,223.600006,223.600006,50317411
4/25/2019,223.399994,225.899994,220.25,221.850006,221.850006,27132908
4/26/2019,221.899994,221.899994,214,215.600006,215.600006,26038093
4/30/2019,216.199997,218.649994,210.300003,214.300003,214.300003,21289116
5/2/2019,211,212.649994,206.5,207.300003,207.300003,21986007
5/3/2019,205,213.649994,203.050003,209.449997,209.449997,37153857
5/6/2019,204,204.5,198,199.800003,199.800003,30117667
5/7/2019,201.699997,202.850006,189.350006,190.949997,190.949997,30516908
5/8/2019,190,190.899994,183.800003,185.100006,185.100006,28443735
5/9/2019,184.300003,189.800003,182.300003,186.350006,186.350006,32841616
5/10/2019,187,190.600006,184.300003,185.899994,185.899994,28910719
5/13/2019,186.199997,187.149994,179.600006,180.75,180.75,15373536
5/14/2019,178.25,186.050003,177.800003,184.5,184.5,21412933
5/15/2019,185.550003,185.949997,167.399994,169.449997,169.449997,31427815
5/16/2019,176,177.550003,172.800003,175.399994,175.399994,30308248
5/17/2019,174.949997,177.699997,170.199997,176.850006,176.850006,21575989
5/20/2019,181.449997,192,179.25,190.149994,190.149994,29873588
5/21/2019,185.25,186.899994,174.050003,176.800003,176.800003,57822527
5/22/2019,177.600006,180.399994,174.800003,179.100006,179.100006,25845734
5/23/2019,182.850006,182.850006,173.5,175.149994,175.149994,22912106
5/24/2019,177,183.5,175.350006,182.300003,182.300003,22494409
5/27/2019,181.75,183.5,179.300003,181.350006,181.350006,14774311
5/28/2019,181.350006,185.300003,179.800003,180.25,180.25,23272915
5/29/2019,179.850006,180,175.350006,176.350006,176.350006,15222008
5/30/2019,177.5,178.5,173.100006,175.149994,175.149994,18078726
5/31/2019,177.800003,177.850006,170,172.600006,172.600006,21488115
6/3/2019,170.5,175,168.399994,174.5,174.5,21288078
6/4/2019,174.25,177.199997,172.399994,173.25,173.25,17428731
6/6/2019,174.050003,175.850006,168.850006,169.699997,169.699997,16874819
6/7/2019,169.899994,171.699997,167.25,169.5,169.5,14465703
6/10/2019,170.899994,172.050003,163.550003,166.199997,166.199997,20209862
6/11/2019,166.850006,171.899994,165.649994,170.75,170.75,20363493
6/12/2019,170.899994,172.199997,168.100006,169.050003,169.050003,12819208
6/13/2019,166.899994,168.899994,164.5,167.399994,167.399994,15144315
6/14/2019,167.5,167.5,163.5,164.199997,164.199997,10920508
6/17/2019,163.75,164.149994,158,158.75,158.75,14381813
6/18/2019,159,161,156.75,158.300003,158.300003,14003043
6/19/2019,160,163.75,152.5,154.649994,154.649994,25257018
6/20/2019,153.449997,160,152.149994,159.25,159.25,19247947
6/21/2019,155,160.75,154.5,158.899994,158.899994,23304207
6/24/2019,158.699997,160.199997,156.199997,159.300003,159.300003,13185118
6/25/2019,158,161,156.850006,160.449997,160.449997,13368928
6/26/2019,160.100006,162.199997,158.75,161.100006,161.100006,18481332
6/27/2019,161.850006,168,161.100006,165.850006,165.850006,26612983
6/28/2019,165.199997,166.75,161.350006,162.550003,162.550003,15092229
7/1/2019,163.699997,169.399994,163.199997,168,168,23990900
7/2/2019,166.800003,167.350006,161.350006,163.75,163.75,16903683
7/3/2019,163.75,165,161.699997,162.300003,162.300003,13606179
7/4/2019,162.5,167.75,162,165.199997,165.199997,19512938
7/5/2019,165.149994,166.949997,159.5,160.199997,160.199997,14374084
7/8/2019,159.350006,159.5,153.5,154.550003,154.550003,15149035
7/9/2019,154,157.149994,152.75,155.800003,155.800003,16112345
7/10/2019,156.25,156.25,149.100006,151.649994,151.649994,31737846
7/11/2019,153,157.699997,150.350006,156.800003,156.800003,24099895
7/12/2019,155.899994,162.850006,154,159.300003,159.300003,27307153
7/15/2019,159,162.600006,157.850006,160.949997,160.949997,19924720
7/16/2019,159.800003,170.949997,159.050003,170,170,39025331
7/17/2019,170,172.350006,166.300003,167.899994,167.899994,25236730
7/18/2019,167.25,167.25,160,160.75,160.75,19055022
7/19/2019,161.449997,162.399994,153.850006,154.850006,154.850006,18954216
7/22/2019,155.449997,159.300003,155.25,156.75,156.75,15995349
7/23/2019,157.399994,159,154.800003,156.199997,156.199997,12942555
7/24/2019,156.350006,157.550003,150.5,151.25,151.25,16292964
7/25/2019,151.300003,152.5,143.75,144.300003,144.300003,34364032
7/26/2019,138.100006,150.149994,138.100006,147.149994,147.149994,83905651
7/29/2019,146.899994,146.899994,136.850006,137.550003,137.550003,38844222
7/30/2019,138,139.699997,132.600006,133.449997,133.449997,35725524
7/31/2019,133.5,136.399994,132.5,135.600006,135.600006,27024859
8/1/2019,135.5,136.300003,127.550003,129.550003,129.550003,38991424
8/2/2019,128.5,133.199997,127,130.699997,130.699997,44016138
8/5/2019,128,128.199997,122.300003,123.75,123.75,35452262
8/6/2019,123.050003,126.550003,121.75,122.5,122.5,34790369
8/7/2019,122.599998,123.849998,116.5,117.400002,117.400002,37287779
8/8/2019,118,125,116.900002,124.050003,124.050003,35876237
8/9/2019,124.5,126.5,120.699997,122.050003,122.050003,39245417
8/13/2019,123.800003,126.300003,121,121.949997,121.949997,35498118
8/14/2019,122.699997,123.800003,118.599998,120.900002,120.900002,30136178
8/16/2019,119.900002,122.449997,117.349998,121.349998,121.349998,35264621
8/19/2019,121.199997,122.599998,120,120.800003,120.800003,23194786
8/20/2019,120,124.800003,119,123.849998,123.849998,34809225
8/21/2019,123,123,109.5,112.400002,112.400002,83509593
8/22/2019,112,114,106.199997,107.699997,107.699997,58612708
8/23/2019,108.900002,111.599998,107.650002,111.050003,111.050003,41178606
8/26/2019,114.550003,115.400002,106.800003,110.550003,110.550003,47757623
8/27/2019,112.699997,121.400002,111.800003,120.349998,120.349998,70636441
8/28/2019,120.550003,124,114.800003,116.349998,116.349998,74245952
8/29/2019,116.5,118.5,112.099998,114.300003,114.300003,48098849
8/30/2019,115.599998,117.300003,112,116.699997,116.699997,42250518
9/3/2019,113.050003,115.349998,111.199997,112.650002,112.650002,36905736
9/4/2019,112,113,106,109.5,109.5,76317447
9/5/2019,109.75,119.349998,109.5,118.050003,118.050003,75789807
9/6/2019,118.349998,122.300003,116.550003,121.25,121.25,67761586
9/9/2019,119,122.599998,117.349998,121.900002,121.900002,51297512
9/11/2019,127,135,125.300003,134.350006,134.350006,96568372
9/12/2019,134.600006,135.350006,126.699997,127.949997,127.949997,72084195
9/13/2019,129.199997,130.949997,125.5,129.550003,129.550003,69088728
9/16/2019,128,130.300003,126.5,128.600006,128.600006,40951047
9/17/2019,129,130.5,121.349998,122,122,47652658
9/18/2019,123.050003,125.900002,120.5,121.75,121.75,53048836
9/19/2019,123.5,125.349998,121.199997,124.199997,124.199997,51011848
9/20/2019,125,137.75,122.599998,133.25,133.25,89223235
9/23/2019,135,138.399994,126.5,127.900002,127.900002,51032391
9/24/2019,128.050003,132.199997,128,130.899994,130.899994,41659100
9/25/2019,129.899994,129.899994,121.5,123.050003,123.050003,47567575
9/26/2019,123.900002,127.25,122.800003,124.5,124.5,45866398
9/27/2019,122,122.449997,118.199997,119.900002,119.900002,45875793
9/30/2019,120.650002,120.849998,116.400002,117.449997,117.449997,32158885
10/1/2019,118,119.849998,113,115.300003,115.300003,40232789
10/3/2019,112.650002,123.5,112.650002,122.400002,122.400002,65103359
10/4/2019,122.800003,123.800003,118.800003,119.650002,119.650002,35712218
10/7/2019,120.25,120.550003,116.349998,117.5,117.5,35471184
10/9/2019,118.5,121.699997,115.449997,120.900002,120.900002,44666296
10/10/2019,119.300003,119.699997,116.199997,116.800003,116.800003,31229192
10/11/2019,118.050003,122.199997,117.25,121.300003,121.300003,41027561
10/14/2019,122.599998,130,122.5,127.849998,127.849998,68048611
10/15/2019,127.099998,128.899994,123.699997,126.949997,126.949997,57548920
10/16/2019,127.300003,128.300003,124.5,125.849998,125.849998,31522518
10/17/2019,127.099998,144.350006,125.099998,139.5,139.5,67933615
10/18/2019,139,141.800003,135.600006,136.850006,136.850006,64884113
10/22/2019,133.350006,135.600006,129.800003,131.75,131.75,53532482
10/23/2019,130.449997,133.800003,127.25,132.649994,132.649994,50293574
10/24/2019,133,135.149994,130.5,133.5,133.5,41951668
10/25/2019,132,133,125.699997,126.849998,126.849998,42868958
10/27/2019,139.5,150.699997,139.5,147.699997,147.699997,39489993
10/29/2019,151.899994,175.5,151.199997,172.449997,172.449997,184435614
10/30/2019,175,175.649994,166.550003,171.899994,171.899994,90759545
10/31/2019,169.800003,179.649994,168.949997,177.699997,177.699997,81392641
11/1/2019,175.199997,178,172.399994,175.050003,175.050003,40613555
11/4/2019,171.600006,178.449997,170.850006,172.199997,172.199997,40641411
11/5/2019,173.25,175.75,169.949997,172,172,36268596
11/6/2019,172,176.350006,170.5,174.5,174.5,28923778
11/7/2019,174.699997,174.699997,167.600006,171.5,171.5,38625387
11/8/2019,170.75,178.899994,167.800003,169.050003,169.050003,39102947
11/11/2019,169.199997,172.949997,169.050003,172,172,22192924
11/13/2019,171.5,176,169.399994,170.600006,170.600006,33926248
11/14/2019,170.199997,170.300003,165.5,167.050003,167.050003,25433481
11/15/2019,169,173.399994,167.350006,168.550003,168.550003,29614682
11/18/2019,172.100006,172.100006,169.25,170.100006,170.100006,19053232
11/19/2019,170.800003,171.75,167.100006,167.75,167.75,19599195
11/20/2019,167.75,170.199997,166.199997,167.399994,167.399994,19504078
11/21/2019,166.949997,170.100006,163,164.149994,164.149994,21609120
11/22/2019,164.899994,165.25,160.550003,162.350006,162.350006,21200979
11/25/2019,160.699997,166.600006,159.899994,166.100006,166.100006,26131453
11/26/2019,166.649994,167.300003,162.550003,163.399994,163.399994,25520822
11/27/2019,165.300003,169.300003,165,165.899994,165.899994,29527702
11/28/2019,165.75,166.300003,163.550003,164.800003,164.800003,16609775
11/29/2019,164.800003,167.75,160.600006,161.5,161.5,20010205
12/2/2019,160.949997,163,158.949997,161.050003,161.050003,19441998
12/3/2019,162.949997,162.949997,157.399994,158.199997,158.199997,21156471
12/4/2019,158.5,170.350006,157.699997,169.399994,169.399994,72084687
12/5/2019,170.350006,172.199997,165.199997,166.100006,166.100006,31787128
12/6/2019,167,168,160.050003,161.5,161.5,27727162
12/9/2019,162,166.449997,159.75,160.5,160.5,30920409
12/10/2019,162.149994,163.25,159.050003,159.699997,159.699997,26259395
12/11/2019,160.399994,163,157.399994,161.800003,161.800003,21154277
12/12/2019,163.449997,174.899994,162.5,173.350006,173.350006,66138915
12/13/2019,177.25,183.949997,175.5,176.699997,176.699997,93019636
12/16/2019,177,178.800003,173.350006,174.949997,174.949997,26249975
12/17/2019,176,181.149994,175.350006,180.199997,180.199997,38213263
12/18/2019,182.100006,184.5,170.449997,174.800003,174.800003,63861334
12/19/2019,174.649994,180.199997,174,179.149994,179.149994,53466924
12/20/2019,180.399994,181.699997,174.850006,175.949997,175.949997,48818008
12/23/2019,176.850006,179,174.149994,176.050003,176.050003,27192195
12/24/2019,177.649994,178,174.649994,175.5,175.5,20560311
12/26/2019,175.899994,176.449997,174.100006,174.600006,174.600006,18785333
12/27/2019,176,176.949997,174.850006,176.149994,176.149994,12095797
12/30/2019,177.199997,184.350006,176.300003,183.699997,183.699997,40948394
12/31/2019,184,187.899994,181.550003,185.149994,185.149994,52869996
1/1/2020,185.149994,186.699997,183.600006,184.449997,184.449997,25968357
1/2/2020,185,194.699997,184.600006,193.75,193.75,57289863
1/3/2020,192.899994,195.649994,189.25,191.100006,191.100006,47572728
1/6/2020,191,191,185.050003,185.649994,185.649994,28621212
1/7/2020,187,189.399994,182.300003,184.699997,184.699997,34995035
1/8/2020,180.199997,184.199997,180.199997,182.550003,182.550003,21862695
1/9/2020,184.850006,192.75,184.25,192,192,40803142
1/10/2020,192,199,190,196.350006,196.350006,60252338
1/13/2020,194.75,197.75,191.399994,196.25,196.25,40535961
1/14/2020,195.699997,198.25,193.600006,195.850006,195.850006,29867542
1/15/2020,195,201.699997,194,200.350006,200.350006,38485962
1/16/2020,199.5,200.600006,196.899994,197.550003,197.550003,28118140
1/17/2020,197.25,199.449997,195.699997,197.300003,197.300003,18204088
1/20/2020,198,201.449997,194.300003,195,195,28976013
1/21/2020,195.5,196.399994,190.199997,191.399994,191.399994,20859400
1/22/2020,191.949997,192.5,184.25,185.600006,185.600006,32952072
1/23/2020,186.75,190.399994,183.800003,188.399994,188.399994,33032086
1/24/2020,188,191,185,186.5,186.5,21791825
1/27/2020,185.699997,186.899994,180.850006,182.199997,182.199997,30132428
1/28/2020,183.899994,184.300003,174.899994,176.100006,176.100006,38283588
1/29/2020,178.800003,188.899994,178.550003,188.050003,188.050003,61585660
1/30/2020,190.949997,192.550003,184.25,186.199997,186.199997,70900581
1/31/2020,186.300003,188.350006,175.949997,176.600006,176.600006,75621897
2/3/2020,163.5,168.300003,159.550003,163.850006,163.850006,66616190
2/4/2020,166.550003,168.600006,161.199997,165.699997,165.699997,49034642
2/5/2020,167.399994,184.949997,166.600006,183.75,183.75,92982265
2/6/2020,182,183.399994,175.75,178.850006,178.850006,61821140
2/7/2020,177.399994,178.149994,173,173.600006,173.600006,45195760
2/10/2020,173.199997,173.199997,168,168.899994,168.899994,33279372
2/11/2020,171.850006,175.149994,168.399994,169.75,169.75,42868276
2/12/2020,173,173.300003,169,170.949997,170.949997,34621395
2/13/2020,171.350006,172.350006,168.100006,169.5,169.5,25049848
2/14/2020,172,176.199997,168.300003,169.100006,169.100006,56676430
2/17/2020,170.399994,171.350006,166.350006,169.100006,169.100006,32893274
2/18/2020,168,168,158.600006,161.600006,161.600006,52744122
2/19/2020,162.850006,164.600006,153.050003,158.050003,158.050003,78914233
2/20/2020,157.949997,162.300003,156,158.5,158.5,54328194
2/24/2020,154,155.899994,149.600006,150.649994,150.649994,39706007
2/25/2020,152.199997,153.399994,147.449997,149.899994,149.899994,52719851
2/26/2020,146.899994,147.899994,143.699997,144.550003,144.550003,47605927
2/27/2020,144.149994,146.75,141.100006,145.25,145.25,51328153
2/28/2020,138.850006,139.600006,127.050003,128.949997,128.949997,94469619
3/2/2020,133,133.899994,123.800003,125.400002,125.400002,111585697
3/3/2020,127.5,131.399994,125.25,130.350006,130.350006,86765576
3/4/2020,129.600006,129.600006,120.550003,126.199997,126.199997,97546902
3/5/2020,127.550003,129.149994,124.25,125.75,125.75,87795649
3/6/2020,115,117.300003,112.800003,114.199997,114.199997,83971462
3/9/2020,109,109.849998,104.25,105.699997,105.699997,81549809
3/11/2020,104.849998,106.5,97.800003,98.900002,98.900002,111146790
3/12/2020,91.099998,94.900002,84.099998,88,88,143550830
3/13/2020,81.900002,94.150002,78.050003,89.75,89.75,106151311
3/16/2020,85.599998,87.650002,82.199997,82.949997,82.949997,73702778
3/17/2020,83.050003,85,77.400002,77.949997,77.949997,71842549
3/18/2020,79.900002,80.449997,75.099998,75.5,75.5,70105052
3/19/2020,70,76.5,68.75,72.949997,72.949997,68122549
3/20/2020,74,79.599998,72.650002,77.300003,77.300003,86043342
3/23/2020,70,72,66,66.199997,66.199997,34184325
3/24/2020,69.900002,71.5,63.5,68.550003,68.550003,49551990
3/25/2020,67.75,71.699997,67.25,70.25,70.25,57713806
3/26/2020,71.449997,73.5,68.300003,70.800003,70.800003,63821068
3/27/2020,72.050003,75.900002,69.349998,70.699997,70.699997,58814757
3/30/2020,68.800003,70,67.25,68.150002,68.150002,35278010
3/31/2020,70.599998,71.5,68.199997,71.050003,71.050003,46157286
4/1/2020,70.5,71.650002,67.550003,67.949997,67.949997,38149007
4/3/2020,66.900002,66.900002,64.800003,65.300003,65.300003,35346301
4/7/2020,68.550003,69.300003,66.900002,67.25,67.25,42066469
4/8/2020,66.5,71.599998,65.400002,67.599998,67.599998,82179303
4/9/2020,69.599998,76.25,69.099998,74.599998,74.599998,112677273
4/13/2020,76,77.599998,72.699997,74.25,74.25,70409900
4/15/2020,75.400002,78.699997,71.949997,72.900002,72.900002,81121081
4/16/2020,71.75,75.400002,71,74.650002,74.650002,47910164
4/17/2020,78.300003,78.300003,74.699997,76.849998,76.849998,58333485
4/20/2020,76.849998,83.400002,75.5,80.449997,80.449997,125425355
4/21/2020,78,78,74,74.650002,74.650002,58248325
4/22/2020,74.449997,76.550003,72.550003,75.900002,75.900002,56529293
4/23/2020,76.75,78.650002,75.400002,75.650002,75.650002,50366856
4/24/2020,75,76.900002,74,74.199997,74.199997,40047438
4/27/2020,75.900002,76.199997,74.800003,75.25,75.25,27835340
4/28/2020,75.650002,78.199997,75.199997,76.949997,76.949997,34825405
4/29/2020,77.449997,79.300003,76.550003,78.150002,78.150002,40784783
4/30/2020,85.949997,93.75,85.949997,93.25,93.25,170634033
5/4/2020,87,87.199997,81.5,83.900002,83.900002,91159477
5/5/2020,86,86.800003,80.400002,80.900002,80.900002,57122148
5/6/2020,81.550003,83.949997,80.349998,83.199997,83.199997,53739248
5/7/2020,82.900002,84.650002,82.099998,82.5,82.5,31159970
5/8/2020,84.5,84.949997,80.550003,81.050003,81.050003,35362751
5/11/2020,81.449997,90.650002,81.400002,86.099998,86.099998,152588401
5/12/2020,85.949997,87.699997,83.5,86.199997,86.199997,77551590
5/13/2020,92.5,92.5,86.25,87.199997,87.199997,68086031
5/14/2020,83.949997,85.300003,82.550003,83.800003,83.800003,46340453
5/15/2020,84.699997,85.349998,82.800003,84.349998,84.349998,38592209
5/18/2020,84.5,84.5,79.599998,80.650002,80.650002,44221170
5/19/2020,82.5,85.650002,81.5,81.800003,81.800003,65378983
5/20/2020,81.25,84.400002,80.699997,83.449997,83.449997,36351053
5/21/2020,83.099998,85.199997,82.900002,84.099998,84.099998,37290144
5/22/2020,83.400002,83.900002,82,82.800003,82.800003,29252676
5/26/2020,83.900002,85.699997,82.599998,83.099998,83.099998,38014864
5/27/2020,84.099998,86,84,84.550003,84.550003,57947903
5/28/2020,86,88.150002,84.550003,87,87,96179680
5/29/2020,85.550003,87.5,84.650002,87,87,80813537
6/1/2020,88.900002,91.199997,88,89.550003,89.550003,71070852
6/2/2020,90,97.300003,89.75,96.5,96.5,125407771
6/3/2020,100,101.449997,97.400002,98.75,98.75,90598067
6/4/2020,99,101.400002,96.800003,98.5,98.5,72078707
6/5/2020,100.449997,112.449997,99.050003,110.75,110.75,187209208
6/8/2020,114,119.150002,113.349998,115.449997,115.449997,136943010
6/9/2020,117.449997,117.900002,110.25,111.449997,111.449997,79473751
6/10/2020,111,113,108.5,111.400002,111.400002,84038431
6/11/2020,109.900002,111.150002,105,106.150002,106.150002,55485897
6/12/2020,98,106.25,98,105.300003,105.300003,92989560
6/15/2020,104.650002,104.650002,100.050003,100.5,100.5,69318356
6/16/2020,102,103.5,92,94.75,94.75,215476711
6/17/2020,93,96.400002,91.800003,95.400002,95.400002,110830038
6/18/2020,95,97.199997,94.150002,96.349998,96.349998,58964344
6/19/2020,96.5,103.900002,95.599998,102.5,102.5,135462757
6/22/2020,102.349998,104.900002,101,102.650002,102.650002,68545834
6/23/2020,103,106,101.900002,104.400002,104.400002,68638552
6/24/2020,105.25,110.800003,104.199997,104.800003,104.800003,125457492
6/25/2020,103.849998,106.300003,101.650002,103.800003,103.800003,63198285
6/26/2020,105.400002,106.050003,100.349998,101.400002,101.400002,56327855
6/29/2020,101.400002,101.400002,98.050003,99.449997,99.449997,43274006
6/30/2020,101.75,102.300003,97.300003,98.25,98.25,50764363
7/1/2020,99,101.449997,98.199997,100.75,100.75,50857376
7/2/2020,100.75,102.949997,100.400002,101.550003,101.550003,48083736
7/3/2020,102.849998,106.349998,102.099998,103.449997,103.449997,87310642
7/6/2020,105,109.900002,104.5,109,109,91970198
7/7/2020,109.800003,112.599998,108.050003,109.050003,109.050003,85835716
7/8/2020,109.5,110.849998,104.199997,105.349998,105.349998,55887256
7/9/2020,106.300003,108.949997,104.650002,106.949997,106.949997,54492650
7/10/2020,106.699997,108.599998,105.400002,107.599998,107.599998,64694173
7/13/2020,108.849998,112.099998,106.849998,108,108,81893001
7/14/2020,106.900002,107.550003,104.099998,105.150002,105.150002,46924623
7/15/2020,106.800003,106.800003,102.5,103.199997,103.199997,49687046
7/16/2020,103.949997,103.949997,100.599998,102.949997,102.949997,44333785
7/17/2020,103.650002,106.949997,103.300003,106.400002,106.400002,42080157
7/20/2020,106.349998,106.349998,103.849998,105.050003,105.050003,39786731
7/21/2020,106,109.699997,105.5,108.449997,108.449997,66008143
7/22/2020,108.5,109.75,104.25,105.150002,105.150002,50735592
7/23/2020,105.449997,106.449997,104.699997,106.050003,106.050003,30722413
7/24/2020,104.699997,105.5,102.699997,103.75,103.75,39363520
7/27/2020,104,104.5,101.300003,101.699997,101.699997,29644533
7/28/2020,102.300003,107.199997,102,106.449997,106.449997,64271161
7/29/2020,108.099998,108.75,104.849998,105.75,105.75,44561639
7/30/2020,106.400002,106.75,102.849998,103.650002,103.650002,33378340
7/31/2020,104,105.400002,102.300003,104.650002,104.650002,33809018
8/3/2020,103,114.400002,102.900002,113.050003,113.050003,194765344
8/4/2020,112.949997,115.099998,110.800003,111.449997,111.449997,95906477
8/5/2020,112.400002,117.650002,112,115.400002,115.400002,99371050
8/6/2020,116.199997,117.699997,115.5,116.800003,116.800003,60092530
8/7/2020,117,119.699997,116,119.099998,119.099998,56489390
8/10/2020,119.949997,124.699997,119.699997,123.849998,123.849998,71093810
8/11/2020,125,125.800003,121.400002,122.300003,122.300003,50224665
8/12/2020,121,126.400002,120.599998,125.349998,125.349998,50713617
8/13/2020,126.099998,131.899994,124.400002,131.149994,131.149994,95489249
8/14/2020,131.149994,132.649994,123.699997,124.599998,124.599998,75032834
8/17/2020,124.5,126.25,120.599998,123.550003,123.550003,61154250
8/18/2020,124,127.5,123.599998,125.599998,125.599998,62153763
8/19/2020,127,127.599998,124.75,125.150002,125.150002,45128613
8/20/2020,123.449997,125.650002,121.099998,121.699997,121.699997,43530882
8/21/2020,124.199997,124.199997,120.150002,120.900002,120.900002,48650204
8/24/2020,122,123,120.800003,121.199997,121.199997,31294253
8/25/2020,121.800003,128.350006,121.099998,127.099998,127.099998,90263366
8/26/2020,130.5,139,128.350006,137.899994,137.899994,197510376
8/27/2020,140.100006,146.850006,139.300003,144.25,144.25,181380747
8/28/2020,144.149994,146.199997,140.5,142.800003,142.800003,95194825
8/31/2020,144.5,147.949997,138.199997,143.199997,143.199997,160564488
9/1/2020,143.399994,145.149994,140.399994,143.800003,143.800003,58811543
9/2/2020,144.300003,151.649994,141.449997,150.300003,150.300003,74947929
9/3/2020,151.600006,155.199997,149.550003,151.850006,151.850006,110156350
9/4/2020,147.899994,153.649994,147,147.800003,147.800003,95560889
9/7/2020,150,152,148,149.399994,149.399994,82617101
9/8/2020,149.449997,149.600006,141.199997,142.300003,142.300003,76286731
9/9/2020,141,141.75,135.699997,140.100006,140.100006,105355010
9/10/2020,142.800003,144.5,138,143.300003,143.300003,79606504
9/11/2020,143.100006,146.800003,141.649994,144.300003,144.300003,65135339
9/14/2020,147.199997,151.100006,145.5,148.550003,148.550003,84505930
9/15/2020,149.399994,149.399994,146.550003,148.399994,148.399994,42886817
9/16/2020,149.199997,154.300003,148.550003,151.449997,151.449997,85056501
9/17/2020,150.800003,151,146.199997,147.649994,147.649994,48119360
9/18/2020,148.699997,150.5,146.25,147.899994,147.899994,46270863
9/21/2020,147.75,147.75,135.5,137.449997,137.449997,64734493
9/22/2020,138,138.149994,129.649994,133.100006,133.100006,87298020
9/23/2020,135.5,136.699997,127.900002,131.399994,131.399994,74981613
9/24/2020,127.900002,128.800003,122.150002,122.800003,122.800003,62420957
9/25/2020,123.699997,128.350006,123.099998,127.25,127.25,65040759
9/28/2020,128.899994,134.300003,127.5,132.850006,132.850006,61830817
9/29/2020,134.949997,136,130.699997,131.699997,131.699997,63366932
9/30/2020,131.550003,134.399994,130.300003,133.300003,133.300003,48859088
10/1/2020,135.899994,136.5,132.550003,133.5,133.5,40491744
10/5/2020,136.949997,137.5,132.050003,133.899994,133.899994,55268322
10/6/2020,138,145.800003,136,144.75,144.75,161987221
10/7/2020,144.25,144.5,139.800003,141,141,68273641
10/8/2020,142.850006,143.5,139.600006,140.949997,140.949997,40900948
10/9/2020,141.149994,142.649994,138,138.449997,138.449997,37097190
10/12/2020,139.649994,139.649994,133,135.899994,135.899994,39279109
10/13/2020,135.399994,137.100006,132.850006,134.100006,134.100006,38973506
10/14/2020,133.75,134.649994,128.800003,130.699997,130.699997,45791440
10/15/2020,131.5,134.350006,126.5,126.949997,126.949997,64002864
10/16/2020,129.399994,130.050003,126,127.75,127.75,62553775
10/19/2020,129.800003,130.399994,127.800003,128.25,128.25,33157664
10/20/2020,128.100006,130.300003,126.349998,129.649994,129.649994,27465829
10/21/2020,131.050003,133.100006,128.300003,130.25,130.25,39252663
10/22/2020,129.699997,134.600006,128.449997,133.5,133.5,48808592
10/23/2020,134.899994,138.899994,134.100006,137,137,68711352
10/26/2020,138.399994,140.800003,131.25,133.699997,133.699997,88531579
10/27/2020,134.149994,136.75,130.850006,135.649994,135.649994,56856159
10/28/2020,139,143.25,133.5,134.800003,134.800003,152359338
10/29/2020,132,133,130,131.899994,131.899994,66632704
10/30/2020,133.199997,134.5,130.300003,132.649994,132.649994,51128530
11/2/2020,133.649994,134,131.100006,132.850006,132.850006,40388690
11/3/2020,135,137.399994,133.550003,134.100006,134.100006,52071476
11/4/2020,135.600006,137,134,135.899994,135.899994,44675934
11/5/2020,137,138,136,137.649994,137.649994,38928602
11/6/2020,137.649994,142.300003,137.649994,139,139,67966815
11/9/2020,140.600006,141.5,138.699997,141,141,40277460
11/10/2020,144.050003,146.699997,142.75,146,146,68794369
11/11/2020,146.5,151.5,145.649994,150.949997,150.949997,78583629
11/12/2020,150.949997,153.850006,150,151.199997,151.199997,56145517
11/13/2020,150,150,145.350006,146.350006,146.350006,32566537
11/14/2020,148.699997,150.800003,148,148.850006,148.850006,11749453
11/17/2020,152.5,159.350006,152.199997,158,158,82644841
11/18/2020,158.850006,178.800003,158.550003,173.5,173.5,171801183
11/19/2020,171.399994,176.350006,166.550003,167.949997,167.949997,109449407
11/20/2020,170.050003,171.550003,165.550003,169.100006,169.100006,66935703
11/23/2020,169.5,173.899994,165.550003,170.699997,170.699997,54566251
11/24/2020,171.850006,175.5,171.100006,172.050003,172.050003,47695247
11/25/2020,175,176.800003,169.25,171.449997,171.449997,54366608
11/26/2020,171.600006,175,171.050003,173.75,173.75,39094724
11/27/2020,174.649994,183.850006,174.649994,180.350006,180.350006,125926062
12/1/2020,182.350006,182.399994,178.100006,179.75,179.75,48881250
12/2/2020,184,187.350006,181.100006,183.600006,183.600006,88107889
12/3/2020,185,186,183.25,184.850006,184.850006,33332481
12/4/2020,186.5,188.800003,182.199997,184.149994,184.149994,47995639
12/7/2020,184.449997,186.449997,182.699997,183.550003,183.550003,29802472
12/8/2020,184.949997,185.699997,178.949997,181.800003,181.800003,42143391
12/9/2020,183,186.399994,181.649994,182.699997,182.699997,40300535
12/10/2020,182.699997,182.699997,176.399994,177.600006,177.600006,38368777
12/11/2020,177.949997,181.449997,176.5,178.850006,178.850006,43065542
12/14/2020,181,181.5,176.699997,177.649994,177.649994,33186273
12/15/2020,176.449997,179.699997,173.25,178.899994,178.899994,41190341
12/16/2020,181,183.800003,180.100006,182.550003,182.550003,51259394
12/17/2020,184,184,180.649994,181.699997,181.699997,34101954
12/18/2020,180.899994,181.5,176.649994,180.550003,180.550003,46065197
12/21/2020,176,177.550003,162.5,164.550003,164.550003,75582907
12/22/2020,164.550003,169.199997,156.699997,164.949997,164.949997,110009846
12/23/2020,165,169.699997,163.399994,169.199997,169.199997,56930071
12/24/2020,172,178,172,175.949997,175.949997,73831319
12/28/2020,179.850006,187.399994,179,186.350006,186.350006,98012135
12/29/2020,187.899994,188.449997,181.100006,183.449997,183.449997,71318085
12/30/2020,183.100006,185.399994,180.399994,184.149994,184.149994,38576159
12/31/2020,184.850006,187.5,182.800003,183.850006,183.850006,48978310
1/1/2021,184.949997,187,184.5,186.5,186.5,27334421
1/4/2021,191.800003,193,188.75,191.300003,191.300003,63980597
1/5/2021,187.100006,193.899994,185.050003,193.199997,193.199997,75752593
1/6/2021,194.449997,197.600006,190.649994,195.399994,195.399994,75621947
1/7/2021,197,200.350006,195.100006,196.75,196.75,66024848
1/8/2021,198.75,201.5,197.100006,198.149994,198.149994,53991568
1/11/2021,199.899994,225.399994,199.649994,220.649994,220.649994,182483100
1/12/2021,227,252.399994,224.100006,237.800003,237.800003,390577839
1/13/2021,242.899994,248.800003,238.399994,242.600006,242.600006,164649387
1/14/2021,242.850006,249.800003,238.600006,245.100006,245.100006,86819519
1/15/2021,246,264.649994,242.600006,260.299988,260.299988,250038029
1/18/2021,261.649994,262.450012,241.149994,245.949997,245.949997,173383224
1/19/2021,251.5,261.700012,251.300003,258.649994,258.649994,136861059
1/20/2021,260,277.5,258.850006,274.899994,274.899994,205145151
1/21/2021,281,299,280,290.600006,290.600006,283614463
1/22/2021,295.950012,306.899994,278.350006,289.350006,289.350006,316008609
1/25/2021,296.899994,299.5,277.350006,279.149994,279.149994,164346913
1/27/2021,274.899994,275,265.700012,267.5,267.5,126586833
1/28/2021,260.049988,273.399994,259.049988,266.799988,266.799988,129156876
1/29/2021,273,278.799988,260.600006,262.700012,262.700012,138442348
2/1/2021,269.75,282,255.350006,279.600006,279.600006,165655500
2/2/2021,293.600006,328.850006,290.399994,322,322,251965965
2/3/2021,339.200012,341.899994,326.200012,331,331,224190114
2/4/2021,329,334.5,322.450012,326.149994,326.149994,121033002
2/5/2021,327.600006,330,312.600006,315.899994,315.899994,103512235
2/8/2021,318.75,339.25,318,335.950012,335.950012,102123614
2/9/2021,337,338.5,322.200012,325.049988,325.049988,105981081
2/10/2021,326,332.649994,319.5,328.899994,328.899994,93466949
2/11/2021,326.450012,331.350006,323.399994,325,325,55257166
2/12/2021,326.399994,330.5,321.25,325.399994,325.399994,64093642
2/15/2021,329.899994,335.799988,324,333.350006,333.350006,78680452
2/16/2021,335.450012,337.899994,327.5,329.200012,329.200012,65943843
2/17/2021,326.899994,334.25,325.450012,330.149994,330.149994,52150941
2/18/2021,331.5,331.75,321.100006,323.850006,323.850006,49204247
2/19/2021,321.950012,321.950012,301.399994,311.850006,311.850006,80274683
2/22/2021,312.450012,313.899994,302.149994,304.5,304.5,57723298
2/23/2021,308.5,328.899994,308.5,324,324,133310157
2/24/2021,325,330,316.5,321.649994,321.649994,50821757
2/25/2021,325.350006,334.700012,323.25,333.149994,333.149994,64514912
2/26/2021,323,332.950012,318.850006,322.950012,322.950012,91901339
3/1/2021,330,331.850006,322.700012,328.299988,328.299988,61190868
3/2/2021,331.100006,347.200012,326.450012,345.75,345.75,127708761
3/3/2021,348.649994,357,346.5,348.5,348.5,92006451
3/4/2021,339,345.399994,337.299988,339.200012,339.200012,59863169
3/5/2021,333,337.850006,319.700012,325.149994,325.149994,86738909
3/8/2021,331.75,331.75,318.799988,321.25,321.25,81925952
3/9/2021,325,328.350006,309.600006,315.200012,315.200012,74702208
3/10/2021,319.5,324.450012,316.700012,321.450012,321.450012,58643853
3/12/2021,325.049988,326.5,314.149994,317.549988,317.549988,48360842
3/15/2021,320,320.399994,310.049988,318.549988,318.549988,45081385
3/16/2021,321,321.899994,315.100006,319.950012,319.950012,39267404
3/17/2021,318.600006,320,304,305.799988,305.799988,47262481
3/18/2021,311,316.600006,299.75,307,307,73731921
3/19/2021,303.5,311,290.200012,308.950012,308.950012,109932681
3/22/2021,306.450012,307.5,300.100006,303.049988,303.049988,56385019
3/23/2021,305,312.25,304,307.399994,307.399994,60240483
3/24/2021,303.549988,305,293.200012,294.450012,294.450012,61523819
3/25/2021,294,294,282.25,285.549988,285.549988,84528317
3/26/2021,290.5,301.399994,290.5,296.399994,296.399994,80924011
3/30/2021,300.5,301.299988,292.700012,297.049988,297.049988,45257233
3/31/2021,299,307.5,297.5,301.799988,301.799988,58569012
4/1/2021,306.75,309.850006,303.049988,307.75,307.75,44088352
4/5/2021,306.799988,311.700012,297.200012,305.049988,305.049988,66178755
4/6/2021,306.149994,313.799988,304.799988,307.75,307.75,63031783
4/7/2021,306.75,310.649994,305.100006,307.799988,307.799988,39073986
4/8/2021,307.899994,319.799988,307.5,313.950012,313.950012,62459774
4/9/2021,313.200012,325,312.5,318.200012,318.200012,75462572
4/12/2021,307.850006,307.850006,282.899994,286.549988,286.549988,105342538
4/13/2021,287.25,304.549988,280.549988,302.850006,302.850006,116874853
4/15/2021,303,307.549988,296.5,303.5,303.5,75262749
4/16/2021,302,315,300.149994,310,310,75330709
4/19/2021,295,304.5,292.799988,301.399994,301.399994,65791784
4/20/2021,307.700012,308.149994,294.200012,298.049988,298.049988,56740291
4/22/2021,294,302.5,292.200012,294.549988,294.549988,61022978
4/23/2021,291,300,290.5,294,294,58158986
4/26/2021,297,299,294.600006,295.399994,295.399994,30583139
4/27/2021,295.700012,302.5,295.100006,301.5,301.5,35040532
4/28/2021,303.5,309.5,303,305.899994,305.899994,44668126
4/29/2021,308.899994,310,301.25,301.899994,301.899994,36647292
4/30/2021,298.200012,301.299988,292.549988,293.850006,293.850006,36121668
5/3/2021,289.299988,294.75,285,293,293,35376618
5/4/2021,296.350006,299.75,288.049988,289.450012,289.450012,38640006
5/5/2021,293.5,293.899994,288.5,291.5,291.5,29350536
5/6/2021,291.5,302,290.299988,301.25,301.25,45032502
5/7/2021,303,305.950012,300.5,302.75,302.75,41591323
5/10/2021,304.5,315.700012,304,314.850006,314.850006,53260388
5/11/2021,309.549988,320.75,308.100006,315.549988,315.549988,58472304
5/12/2021,318.25,334.75,316.25,326,326,111584920
5/14/2021,329.350006,329.5,310,312.25,312.25,81305325
5/17/2021,315.399994,323.850006,311.399994,321.100006,321.100006,51162423
5/18/2021,325.950012,336.649994,324,332.450012,332.450012,86153088
5/19/2021,313,322.950012,312.100006,314.450012,314.450012,119407026
5/20/2021,316,316.600006,306.100006,307.700012,307.700012,54043899
5/21/2021,312,315.700012,309.5,313.100006,313.100006,40358753
5/24/2021,314.75,315.799988,310.200012,311.850006,311.850006,31963997
5/25/2021,315.549988,319,313.850006,315.25,315.25,37382263
5/26/2021,316.100006,320,314.799988,315.5,315.5,28639717
5/27/2021,317.049988,323.450012,316.549988,318.600006,318.600006,49484106
5/28/2021,322.649994,324.5,316.5,318.75,318.75,26618815
5/31/2021,318.700012,319.75,312.100006,318.75,318.75,30917309
6/1/2021,319.200012,325.700012,317.299988,318.100006,318.100006,32595728
6/2/2021,315.950012,324.399994,315.600006,323,323,26323777
6/3/2021,325.299988,327.700012,323.649994,325.649994,325.649994,21408371
6/4/2021,325.149994,336.899994,324.25,334.950012,334.950012,41278749
6/7/2021,339.75,351,339.75,345.5,345.5,64986814
6/8/2021,346.25,356.649994,337.5,352.75,352.75,44104954
6/9/2021,356.200012,358.899994,339.75,343.350006,343.350006,59334814
6/10/2021,345.200012,347.850006,342.399994,344.75,344.75,24351860
6/11/2021,346,352.899994,344.350006,350.75,350.75,36441967
6/14/2021,350.049988,357.899994,341.100006,355.950012,355.950012,38482142
6/15/2021,355.75,360.75,351.5,352.700012,352.700012,35526159
6/16/2021,350.100006,356,348.100006,349.350006,349.350006,27550588
6/17/2021,348.399994,352.899994,342.25,345.649994,345.649994,29236974
6/18/2021,345.649994,346.899994,329,337.399994,337.399994,49440514
6/21/2021,330.899994,335.799988,326.200012,334.299988,334.299988,29123887
6/22/2021,337.100006,344.299988,336.149994,337.899994,337.899994,26708459
6/23/2021,341,343.25,334.299988,335.25,335.25,25741628
6/24/2021,335,337.399994,333.350006,334.649994,334.649994,15580223
6/25/2021,335.899994,342.799988,335.899994,339.649994,339.649994,22426352
6/28/2021,340.799988,345,337.549988,342.799988,342.799988,17843975
6/29/2021,342.649994,346.5,339.600006,341.549988,341.549988,22462297
6/30/2021,342,345.350006,338.850006,339.600006,339.600006,18277841
7/1/2021,341.5,347.399994,341.200012,344.25,344.25,27944816
7/2/2021,345.299988,345.549988,340.5,344.899994,344.899994,18304387
7/5/2021,347.049988,350.100006,344,346.100006,346.100006,18399524
7/6/2021,348,358.200012,311.5,316.899994,316.899994,164083830
7/7/2021,316,319.100006,306.25,317.100006,317.100006,112183313
7/8/2021,314.799988,314.799988,305,306.350006,306.350006,87360324
7/9/2021,305.799988,308.850006,301.850006,306.299988,306.299988,48807214
7/12/2021,310.799988,312,306.100006,307.450012,307.450012,32282319
7/13/2021,310,312.25,308.149994,310.950012,310.950012,25736308
7/14/2021,310,313.299988,308.649994,309.549988,309.549988,21863250
7/15/2021,310.5,312.850006,307.600006,310.25,310.25,23617599
7/16/2021,311.100006,315.450012,310.5,311.25,311.25,25148606
7/19/2021,308.950012,310.299988,306,308.850006,308.850006,21346348
7/20/2021,307,308,301.049988,302.149994,302.149994,27672567
7/22/2021,305.5,307.450012,301.049988,302.549988,302.549988,21338361
7/23/2021,300.5,301.899994,295,295.549988,295.549988,33435130
7/26/2021,295,297,291,293.149994,293.149994,27502360
7/27/2021,293,297.649994,288.600006,291.399994,291.399994,55132877
7/28/2021,290,290.899994,283.600006,284.450012,284.450012,36139725
7/29/2021,287.549988,295.399994,287.549988,292.899994,292.899994,57733359
7/30/2021,294,300,293.25,293.950012,293.950012,30589609
8/2/2021,299.149994,299.399994,295.600006,296.850006,296.850006,19273390
8/3/2021,298.5,304.5,297.700012,303.700012,303.700012,31063992
8/4/2021,304.75,306.450012,297.200012,298.149994,298.149994,26186248
8/5/2021,295.5,300.899994,292.75,299.700012,299.700012,20704901
8/6/2021,300.049988,303.399994,297.649994,300.049988,300.049988,16001898
8/9/2021,300.75,304.200012,296.049988,298.100006,298.100006,16985859
8/10/2021,297.899994,300.200012,291,294.200012,294.200012,15173990
8/11/2021,295.299988,297.799988,286.450012,295.450012,295.450012,20802022
8/12/2021,297.299988,307.399994,297.299988,306,306,33652880
8/13/2021,308.799988,311.5,303.049988,307.25,307.25,34922863
8/16/2021,305.950012,307.850006,303.049988,303.700012,303.700012,14348786
8/17/2021,302.799988,302.799988,292.799988,297.700012,297.700012,25539214
8/18/2021,296.899994,297.75,292.600006,293.350006,293.350006,18004320
8/20/2021,289.5,290.700012,281,283.100006,283.100006,32578752
8/23/2021,287.200012,288.299988,275,276.950012,276.950012,24498294
8/24/2021,278.5,281.5,268.450012,279.799988,279.799988,37589121
8/25/2021,282.799988,289.200012,282.450012,284.399994,284.399994,31538128
8/26/2021,284.850006,287.350006,281.649994,284.299988,284.299988,17864053
8/27/2021,282.899994,286.799988,281.700012,285.75,285.75,13477390
8/30/2021,290.100006,293.5,289.899994,291.950012,291.950012,17217097
8/31/2021,291.75,291.950012,286.100006,287.299988,287.299988,36951003
9/1/2021,289,297.399994,287.299988,295.25,295.25,33103168
9/2/2021,295.25,296.299988,291.700012,293.149994,293.149994,14907001
9/3/2021,292.5,296.450012,292,295.549988,295.549988,16594135
9/6/2021,297.5,298.950012,296,297.450012,297.450012,16622865
9/7/2021,297.350006,297.799988,290.899994,294.600006,294.600006,14325904
9/8/2021,293.5,298.799988,291.600006,295.25,295.25,14920479
9/9/2021,294,303.5,293.549988,298.950012,298.950012,34020970
9/13/2021,299,302,295.5,301.200012,301.200012,16339860
9/14/2021,302.25,307.200012,302.200012,306.100006,306.100006,23234649
9/15/2021,306.100006,313,306.100006,311.950012,311.950012,26808872
9/16/2021,313.399994,315,307.649994,311.649994,311.649994,26249369
9/17/2021,312,315.350006,306,308.600006,308.600006,24972069
9/20/2021,304.899994,310.25,297.299988,298.950012,298.950012,19632688
9/21/2021,298.600006,302.700012,293.100006,301.950012,301.950012,19439330
9/22/2021,303.149994,313.799988,303,310.100006,310.100006,29545253
9/23/2021,313.200012,324,313.200012,321.5,321.5,52701665
9/24/2021,325.100006,326.950012,316.049988,317.950012,317.950012,28901243
9/27/2021,323.149994,333.600006,323.149994,331.649994,331.649994,56305136
9/28/2021,334,336,324.5,329.299988,329.299988,28497009
9/29/2021,325,333,324,330.25,330.25,19740150
9/30/2021,331.25,337.899994,329.100006,333.350006,333.350006,30268517
10/1/2021,332.649994,337.299988,325.700012,333.299988,333.299988,29877695
10/4/2021,336.799988,343.25,335.149994,342,342,29553072
10/5/2021,340.450012,351.5,338.850006,344.950012,344.950012,31861985
10/6/2021,347,348.700012,335,336.049988,336.049988,25272592
10/7/2021,341.100006,383,339.25,376.5,376.5,163238084
10/8/2021,385.899994,397.549988,380,382.950012,382.950012,93728117
10/11/2021,390.149994,420.899994,388,415.75,415.75,113404983
10/12/2021,423,435.700012,413.600006,420.850006,420.850006,97349265
10/13/2021,462.899994,523.849976,462.899994,506.899994,506.899994,197949387
10/14/2021,530,530,492,497.600006,497.600006,103630901
10/18/2021,507,525,503.600006,509.600006,509.600006,72322623
10/19/2021,512.450012,517.400024,476.049988,481.899994,481.899994,57428637
10/20/2021,481.799988,497,471.25,486.899994,486.899994,55444814
10/21/2021,491.75,510.399994,485.75,508,508,52608672
10/22/2021,509.899994,510.700012,487.399994,490.899994,490.899994,42742785
10/25/2021,493.899994,496,473.25,479.899994,479.899994,33107841
10/26/2021,483.5,510,483.25,508.649994,508.649994,58027770
10/27/2021,505.75,506.549988,496,497.899994,497.899994,30361263
10/28/2021,493.899994,493.899994,478.549988,481.049988,481.049988,25182748
10/29/2021,482,491.600006,467.700012,483.700012,483.700012,31054342
11/1/2021,486.450012,489.700012,469.799988,485.700012,485.700012,34315690
11/2/2021,506.5,510,486.5,487.850006,487.850006,51580720
11/3/2021,483.799988,495,481.600006,484.899994,484.899994,22950198
11/4/2021,489.799988,493.549988,488,489.700012,489.700012,5531940
11/8/2021,493.899994,504.850006,490.25,501.399994,501.399994,31736426
11/9/2021,505,520.650024,503.5,509.649994,509.649994,50458762
11/10/2021,506.25,515.950012,500.200012,510.75,510.75,26615777
11/11/2021,510,519,501,503.450012,503.450012,29256213
11/12/2021,506.950012,509.549988,497.350006,507.049988,507.049988,20731808
11/15/2021,506.25,514.900024,504.5,505.450012,505.450012,18014977
11/16/2021,506.899994,526.849976,506.200012,519.049988,519.049988,55897781
11/17/2021,520.25,536.700012,520.25,530.150024,530.150024,48463415
11/18/2021,531.450012,534.200012,501.299988,509.700012,509.700012,47197742
11/22/2021,512.25,512.25,478.399994,486.100006,486.100006,40044849
11/23/2021,484.399994,499.350006,477,495.5,495.5,27553684
11/24/2021,499,501.799988,485.299988,488.649994,488.649994,20915837
11/25/2021,490.799988,495.149994,486.5,492.75,492.75,15336539
11/26/2021,486,486.75,458,460.200012,460.200012,51787989
11/29/2021,457,470.75,443.100006,461.450012,461.450012,42819150
11/30/2021,466.549988,478,455.649994,458.600006,458.600006,35471800
12/1/2021,467.850006,478.399994,463.549988,475.25,475.25,28256188
12/2/2021,479.399994,480.450012,471.700012,479.100006,479.100006,21012008
12/3/2021,480,484.700012,477.299988,480.100006,480.100006,20948900
12/6/2021,480.100006,480.899994,466,467.200012,467.200012,17473075
12/7/2021,476.850006,484.899994,471,481.799988,481.799988,21280797
12/8/2021,484.5,495.950012,483.5,493.899994,493.899994,20581817
12/9/2021,498,498.5,489.549988,493.950012,493.950012,16951593
12/10/2021,487.75,496.799988,486.549988,494.450012,494.450012,14567815
12/13/2021,499.450012,506.399994,494.200012,495.350006,495.350006,21921272
12/14/2021,491.950012,491.950012,483.299988,489.399994,489.399994,17722547
12/15/2021,487.799988,497.700012,487.25,491.649994,491.649994,16263723
12/16/2021,495,496.5,487.399994,491.950012,491.950012,13581352
12/17/2021,488,488.850006,468.200012,470.200012,470.200012,27341178
12/20/2021,459.899994,460,440,447.049988,447.049988,33007516
12/21/2021,452.100006,460.899994,449.850006,453.600006,453.600006,18838054
12/22/2021,458.149994,472.149994,458.149994,470.5,470.5,22730750
12/23/2021,476,478,470.950012,472.350006,472.350006,12116814
12/24/2021,474.899994,474.899994,460,467.600006,467.600006,15487368
12/27/2021,465.700012,472.450012,460.100006,471.149994,471.149994,12557565
12/28/2021,475.200012,482.799988,472.649994,480.200012,480.200012,22860916
12/29/2021,478.75,481.600006,474.25,476,476,10263884
12/30/2021,472.549988,476.399994,468.600006,470.399994,470.399994,11923961
12/31/2021,472.700012,483.600006,471.850006,482.399994,482.399994,15541446
1/3/2022,493.5,500.850006,492,497.600006,497.600006,32748423
1/4/2022,496.799988,499,484.049988,489.600006,489.600006,24100985
1/5/2022,486.950012,492.75,483.549988,489.75,489.75,15420105
1/6/2022,481.5,492.950012,477.100006,488.850006,488.850006,16563230
1/7/2022,490.049988,495.5,483.75,490.600006,490.600006,15532165
1/10/2022,493.100006,504.899994,491.299988,503.700012,503.700012,25193771
1/11/2022,503,507.899994,498.149994,501.299988,501.299988,16269193
1/12/2022,505.850006,511.850006,503.5,507.25,507.25,16255334
1/13/2022,504,513.799988,494.799988,511.950012,511.950012,27572553
1/14/2022,509,515.400024,505.649994,509.899994,509.899994,12655602
1/17/2022,514.799988,526.900024,512,525,525,27942414
1/18/2022,527.900024,528.5,507.149994,510.799988,510.799988,19353195
1/19/2022,510,522.200012,504.799988,520.849976,520.849976,21799071
1/20/2022,519.950012,523.200012,512,515.700012,515.700012,18364451
1/21/2022,510.399994,513.849976,494.25,501.850006,501.850006,17946821
1/24/2022,499.700012,504.299988,473.350006,478.450012,478.450012,25228959
1/25/2022,473.799988,492.5,467.649994,490.549988,490.549988,22565698
1/27/2022,480.75,502.700012,476.600006,494.399994,494.399994,26676094
1/28/2022,500.5,509.350006,495.299988,497.299988,497.299988,21784640
1/31/2022,505,520,498.200012,517.75,517.75,27306578
2/1/2022,508,514.75,493,504.299988,504.299988,48030231
2/2/2022,508.600006,514.450012,505.149994,506.399994,506.399994,14311040
2/3/2022,509.100006,514.299988,502.850006,504.5,504.5,15249245
2/4/2022,503.799988,507.799988,499,500.600006,500.600006,12663199
2/7/2022,502.899994,504.350006,492.5,494.600006,494.600006,13392910
2/8/2022,498,498.5,479.149994,492.75,492.75,23378623
2/9/2022,496.5,503.700012,494.700012,501.25,501.25,12430730
2/10/2022,506.700012,510.5,504.200012,507.450012,507.450012,14537945
2/11/2022,503.25,507,497,498.850006,498.850006,13534899
2/14/2022,487,488.5,468.799988,471.450012,471.450012,22157389
2/15/2022,476.149994,505.5,467.299988,504,504,30623088
2/16/2022,504,507.899994,496.600006,498.450012,498.450012,20176993
2/17/2022,505.899994,511.5,498.299988,499.950012,499.950012,27943077
2/18/2022,498,502.649994,491.5,493.149994,493.149994,15476803
2/21/2022,490.149994,500.399994,486.100006,494.450012,494.450012,22592161
2/22/2022,480.549988,486.299988,471.450012,478.25,478.25,27957544
2/23/2022,481.75,485.399994,475.299988,477,477,17703998
2/24/2022,455.950012,461.549988,405.450012,427.950012,427.950012,57265685
2/25/2022,444.850006,465.700012,441.600006,459.75,459.75,48876182
2/28/2022,445,457.350006,440.450012,454.049988,454.049988,34475468
3/2/2022,452.950012,454.25,444.549988,447.600006,447.600006,25791134
3/3/2022,458.5,458.5,435,437.100006,437.100006,29599672
3/4/2022,431.850006,431.850006,414.75,417.25,417.25,38765185
3/7/2022,401.75,401.75,387.5,394,394,44836205
3/8/2022,390.5,395.450012,376.350006,391.75,391.75,55543383
3/9/2022,394.950012,409.25,389.5,405.899994,405.899994,48376222
3/10/2022,427,434.950012,414,419.600006,419.600006,59776817
3/11/2022,413.600006,421.149994,407.399994,418.149994,418.149994,51510243
3/14/2022,418.75,419,404,411.700012,411.700012,40721277
3/15/2022,409.850006,424.200012,408,413.649994,413.649994,47706136
3/16/2022,427.049988,428.549988,420.700012,424.899994,424.899994,27191170
3/17/2022,432,435.700012,429.549988,433.799988,433.799988,26704541
3/21/2022,435.5,436.299988,427.100006,427.950012,427.950012,18270995
3/22/2022,428.100006,441.450012,421.200012,440.350006,440.350006,30441493
3/23/2022,443.5,447,434.600006,435.799988,435.799988,25466395
3/24/2022,430,435.399994,427.549988,433.200012,433.200012,17109723
3/25/2022,437,437,427.649994,432.100006,432.100006,15104414
3/28/2022,432,434.950012,426.5,432.700012,432.700012,16757901
3/29/2022,436,439.350006,431.399994,433.700012,433.700012,18710736
3/30/2022,438.450012,442.5,434.25,435.649994,435.649994,18149488
3/31/2022,436,438.299988,432.600006,433.75,433.75,14248045
4/1/2022,434,442.25,430.850006,441.149994,441.149994,19380324
4/4/2022,444.399994,449.5,441.299988,446.75,446.75,18657201
4/5/2022,450,461.899994,448.299988,458.049988,458.049988,28530470
4/6/2022,455.899994,462.700012,452.600006,456.149994,456.149994,24974477
4/7/2022,456.5,459.100006,448.5,449.5,449.5,19950241
4/8/2022,450,456.25,449.700012,452.049988,452.049988,16315704
4/11/2022,457,458.899994,451,452.049988,452.049988,14339854
4/12/2022,450.799988,450.799988,435,438.299988,438.299988,22698696
4/13/2022,441.799988,442.850006,430.100006,431.049988,431.049988,16817981
4/18/2022,430,436.350006,423.649994,433.799988,433.799988,15298361
4/19/2022,436.75,440.25,417,424.950012,424.950012,12669041
4/20/2022,431,441.700012,428.25,440.549988,440.549988,19639290
4/21/2022,444.5,449.350006,441.049988,448.049988,448.049988,14124872
4/22/2022,442.049988,447.25,438,438.850006,438.850006,14362036
4/25/2022,432.75,436,423.149994,425.149994,425.149994,14729009
4/26/2022,433.899994,437.450012,431.600006,434.899994,434.899994,13577513
4/27/2022,429.25,432.950012,425.100006,430.25,430.25,13701069
4/28/2022,434.799988,439.200012,430.799988,436.049988,436.049988,13875650
4/29/2022,440.200012,447.75,436,437.600006,437.600006,21991752
5/2/2022,437.950012,442.950012,428.5,432.850006,432.850006,18945234
5/4/2022,437.950012,440.600006,420.700012,423.5,423.5,14934742
5/5/2022,429,434,423.700012,426.299988,426.299988,12240729
5/6/2022,418.850006,420.200012,407,408.549988,408.549988,25142225
5/9/2022,407.149994,407.399994,395,403.950012,403.950012,18076956
5/10/2022,400,408.5,389.600006,391.75,391.75,16540303
5/11/2022,396,397,377.549988,388.149994,388.149994,29215175
5/12/2022,382,384.649994,366.200012,372.299988,372.299988,33511538
5/13/2022,387,419.350006,387,404.299988,404.299988,71425747
5/16/2022,411.899994,411.899994,396.25,405.350006,405.350006,24938704
5/17/2022,408.399994,425.649994,405,424.149994,424.149994,24651585
5/18/2022,424,427.350006,414.049988,415.149994,415.149994,20490516
5/19/2022,400,406.799988,396.200012,398.649994,398.649994,17706724
5/20/2022,410,421.399994,410,418,418,23504236
5/23/2022,421.649994,431.149994,419.549988,421.450012,421.450012,16345308
5/24/2022,423.899994,427.5,416,425.75,425.75,14525617
5/25/2022,428.450012,429,413.450012,417,417,13540006
5/26/2022,422,422.649994,405,420.649994,420.649994,17712299
5/27/2022,426.049988,433.25,425.200012,429.600006,429.600006,16867431
5/30/2022,437,445.200012,436,442.399994,442.399994,18500266
5/31/2022,443.950012,449.5,440.399994,443.549988,443.549988,22308219
6/1/2022,445.100006,446,439.600006,444.600006,444.600006,11930669
6/2/2022,445,445.600006,435.649994,439.149994,439.149994,12742438
6/3/2022,444.899994,445.049988,430.5,431.899994,431.899994,12780122
6/6/2022,427.899994,433.950012,424.600006,432.350006,432.350006,11896105
6/7/2022,432.5,438.200012,429.100006,435.850006,435.850006,11153869
6/8/2022,438.700012,440.399994,432,435.649994,435.649994,12844475
6/9/2022,431.899994,435.649994,426.100006,428.5,428.5,13043367
6/10/2022,423,428.850006,422,428.049988,428.049988,11914234
6/13/2022,414.899994,418.149994,405.600006,406.700012,406.700012,17442641
6/14/2022,403,411.850006,397.700012,405.149994,405.149994,19626627
6/15/2022,410,416.399994,407.450012,414.100006,414.100006,15192826
6/16/2022,420,420.899994,390.100006,392.950012,392.950012,22261032
6/17/2022,387.950012,394.450012,382.649994,388.950012,388.950012,24824899
6/20/2022,390.549988,392.950012,376.649994,382.700012,382.700012,17049013
6/21/2022,389,399,387,397.600006,397.600006,14743366
6/22/2022,396.399994,397,390.5,393.100006,393.100006,12426604
6/23/2022,396.299988,409.899994,394.549988,407.200012,407.200012,26514004
6/24/2022,410,412.850006,406.149994,409.299988,409.299988,14806456
6/27/2022,417.549988,419.450012,412.350006,414.5,414.5,12018949
6/28/2022,411.299988,418.200012,409.149994,417.100006,417.100006,13238339
6/29/2022,412.049988,419.899994,411.549988,416.950012,416.950012,13104313
6/30/2022,418.299988,424,410,411.799988,411.799988,20121916
7/1/2022,410.649994,414.600006,402.299988,412.700012,412.700012,14725989
7/4/2022,411.549988,414.899994,405,408.450012,408.450012,11525133
7/5/2022,415,418.799988,410.200012,412,412,16771012
7/6/2022,414,417.299988,410.649994,416.350006,416.350006,12196920
7/7/2022,419.899994,432.950012,419.299988,430.850006,430.850006,17616800
7/8/2022,436.25,443.850006,429.299988,441.549988,441.549988,23730027
7/11/2022,438.049988,441.200012,433.450012,437.049988,437.049988,12619654
7/12/2022,433,435,428.149994,430.549988,430.549988,9518822
7/13/2022,432.700012,435.850006,425.649994,427.100006,427.100006,10181698
7/14/2022,428,431.25,423.299988,428.049988,428.049988,10744547
7/15/2022,430.649994,441.75,429.700012,440.200012,440.200012,15774084
7/18/2022,443.950012,453.799988,443.200012,450.899994,450.899994,21185764
7/19/2022,446.75,451.850006,444.450012,449.049988,449.049988,11553440
7/20/2022,454.350006,460.75,451.75,453.450012,453.450012,17154184
7/21/2022,452.950012,455.5,450.100006,454.850006,454.850006,10931800
7/22/2022,456.600006,459.950012,452.299988,454.899994,454.899994,10340910
7/25/2022,456,457.600006,446.299988,449.549988,449.549988,12505062
7/26/2022,448.700012,448.700012,439.75,441.149994,441.149994,11563528
7/27/2022,441.149994,445,436.100006,444.049988,444.049988,10081023
7/28/2022,440.25,449.25,427.399994,442.25,442.25,36380444
7/29/2022,445.149994,452.700012,445.149994,449.600006,449.600006,16004096
8/1/2022,451.950012,481,451.049988,479.200012,479.200012,43084536
8/2/2022,478.899994,479.899994,469.25,476.25,476.25,19065689
8/3/2022,475,476.25,459.600006,467.799988,467.799988,19125906
8/4/2022,473.149994,473.950012,456.450012,468.899994,468.899994,18540405
8/5/2022,468.899994,472.899994,464,465.25,465.25,11917799
8/8/2022,466,471.899994,464.450012,468.25,468.25,10561754
8/10/2022,470,477.200012,463.350006,475.549988,475.549988,13360759
8/11/2022,482.549988,485,475.600006,476.649994,476.649994,12777503
8/12/2022,475.75,481.450012,470,477.549988,477.549988,13482890
8/16/2022,479.600006,491.399994,478.200012,489.850006,489.850006,16796376
8/17/2022,490.899994,494.399994,484.200012,485.399994,485.399994,15948755
8/18/2022,484,486.799988,479.25,484.799988,484.799988,12070974
8/19/2022,486.75,488.100006,468.100006,471,471,16636593
8/22/2022,468.5,468.950012,452.549988,454.600006,454.600006,15050653
8/23/2022,449,462.100006,447.600006,460.450012,460.450012,17779238
8/24/2022,459,464.899994,457.700012,463.200012,463.200012,12214113
8/25/2022,466,468.799988,457.399994,459.200012,459.200012,11255809
8/26/2022,465,470.450012,463.950012,465.049988,465.049988,11252560
8/29/2022,451,456.899994,450.149994,453.350006,453.350006,11647725
8/30/2022,458.649994,472.399994,457.100006,471.100006,471.100006,14421066
9/1/2022,462.5,474.399994,462.149994,466.899994,466.899994,13385159
9/2/2022,470.850006,471.799988,460.149994,461.75,461.75,10806707
9/5/2022,459.75,463.950012,457,459,459,9378108
9/6/2022,462.700012,463.700012,456.600006,457.75,457.75,9805875
9/7/2022,453.200012,456.5,443.649994,445.850006,445.850006,20764508
9/8/2022,452.450012,452.549988,440,442.200012,442.200012,19336014
9/9/2022,447.5,449.649994,440.600006,445.899994,445.899994,14294289
9/12/2022,447.700012,453,447,451,451,8962633
9/13/2022,454.299988,458.950012,453.549988,456.799988,456.799988,10661280
9/14/2022,447.600006,454.700012,447,450.200012,450.200012,10360461
9/15/2022,452.399994,455.850006,446.049988,447.25,447.25,10356713
9/16/2022,446,446.399994,429.100006,432.5,432.5,20992324
9/19/2022,431.5,431.600006,424.049988,425.450012,425.450012,15236142
9/20/2022,430.600006,443.350006,430.600006,434.25,434.25,17557661
9/21/2022,433.950012,436,425.5,427.649994,427.649994,10831068
9/22/2022,425,434.600006,422.549988,432.200012,432.200012,13600786
9/23/2022,431.899994,431.899994,420.549988,423.100006,423.100006,13441609
9/26/2022,416,417.899994,393.149994,397.5,397.5,33230938
9/27/2022,403.899994,404,390.350006,398.799988,398.799988,21932747
9/28/2022,394.899994,406.600006,392.850006,399.100006,399.100006,18114880
9/29/2022,411,413.25,399.600006,402.25,402.25,20725995
9/30/2022,398,408.25,392.5,404.600006,404.600006,20951277
10/3/2022,405.5,406.549988,395.5,397.649994,397.649994,20332430
10/4/2022,406,408.950012,402.899994,407.899994,407.899994,12761425
10/6/2022,409.600006,417.649994,409.5,414.100006,414.100006,12771199
10/7/2022,413.399994,414,408.700012,412.149994,412.149994,10670854
10/10/2022,403.399994,403.399994,393.049988,395.950012,395.950012,32914630
10/11/2022,397,399.5,391.299988,393.350006,393.350006,14641301
10/12/2022,394.549988,398.200012,391.100006,396.549988,396.549988,14287344
10/13/2022,396.549988,403.5,394.549988,399,399,12584114
10/14/2022,407,409.200012,395.299988,396.25,396.25,12875470
10/17/2022,394,398.899994,392.5,396.100006,396.100006,9543556
10/18/2022,401,406.700012,400.700012,404.25,404.25,14215544
10/19/2022,406.200012,406.950012,397.299988,399.049988,399.049988,8648435
10/20/2022,397,399.899994,393.100006,398.100006,398.100006,10747183
10/21/2022,397,402.25,394.700012,398.049988,398.049988,10279618
10/24/2022,406,406,400.149994,401.600006,401.600006,2871205
10/25/2022,404.350006,410.5,403.200012,404.549988,404.549988,17979661
10/27/2022,408.549988,411.700012,404,407.700012,407.700012,14614841
10/28/2022,408,411.200012,406.100006,409.899994,409.899994,12488938
10/31/2022,414.350006,416.299988,411.600006,412.75,412.75,9928218
11/1/2022,414.899994,422.399994,412.799988,421.350006,421.350006,17324893
11/2/2022,423.049988,425.100006,420.149994,422.149994,422.149994,12433578
11/3/2022,419.399994,423.299988,414.5,416.25,416.25,10987519
11/4/2022,418.200012,426,416.899994,425.350006,425.350006,12277023
11/7/2022,428.25,437.5,428.25,435,435,15058076
11/9/2022,439.200012,441.200012,432,433.149994,433.149994,14471443
11/10/2022,420.5,420.549988,409.200012,412.200012,412.200012,26251660
11/11/2022,420,425.5,414.700012,423.5,423.5,19296401
11/14/2022,424,437.700012,423.5,433.700012,433.700012,17996083
11/15/2022,434.899994,438.5,434.100006,437.149994,437.149994,10696024
11/16/2022,436.950012,438.200012,429.600006,431.549988,431.549988,8206169
11/17/2022,422,427.549988,419.600006,423.149994,423.149994,15621809
11/18/2022,424,426.450012,421.149994,423.799988,423.799988,9851962
11/21/2022,425.600006,427.600006,420,421.100006,421.100006,9497812
11/22/2022,421,426.399994,420.5,424.700012,424.700012,6407614
11/23/2022,426.850006,429.299988,422.850006,424.049988,424.049988,6568241
11/24/2022,424.5,425.25,420.700012,423.399994,423.399994,6768613
11/25/2022,425,435.149994,424,433.200012,433.200012,18764073
11/28/2022,435,440.350006,432.399994,433.25,433.25,10701208
11/29/2022,432.5,437.899994,429.549988,433.149994,433.149994,8630105
11/30/2022,435,441,433.299988,439.399994,439.399994,14727892
12/1/2022,443,443.600006,436.850006,438.25,438.25,8909310
12/2/2022,439,441.149994,435,435.399994,435.399994,8352658
12/5/2022,435.5,437.5,427.799988,428.75,428.75,12857807
12/6/2022,428.799988,431.350006,425.350006,427.100006,427.100006,8461831
12/7/2022,428,428,419.100006,420.100006,420.100006,12133315
12/8/2022,421,421.399994,415.350006,417.200012,417.200012,9539923
12/9/2022,419.299988,420.950012,409.549988,413.299988,413.299988,9920219
12/12/2022,412,416.899994,408,414.149994,414.149994,8009229
12/13/2022,419.950012,421.5,417.25,418.5,418.5,9717894
12/14/2022,420.549988,421.350006,417.350006,417.899994,417.899994,6314883
12/15/2022,418.850006,422.799988,415.700012,416.700012,416.700012,7542601
12/16/2022,417.350006,427.799988,413.100006,421.600006,421.600006,50949198
12/19/2022,421.899994,422.850006,415.5,418,418,9809103
12/20/2022,418,418,408,410.5,410.5,12341042
12/21/2022,412.600006,414.399994,401,402.600006,402.600006,11606059
12/22/2022,404.100006,404.700012,390.200012,394.450012,394.450012,14908929
12/23/2022,390,390,377,378.350006,378.350006,19902886
12/26/2022,380.25,390.700012,375.200012,384.799988,384.799988,16979026
12/27/2022,390,397.450012,388.5,394.149994,394.149994,14372461
12/28/2022,394,395.899994,390.399994,391.299988,391.299988,8443917
12/29/2022,389,390,383.049988,385.899994,385.899994,15627403
12/30/2022,391,392.200012,387,387.950012,387.950012,9198673
1/2/2023,392.5,396,391,394.799988,394.799988,10501357
1/3/2023,396,398.350006,393,393.899994,393.899994,9431220
1/4/2023,394.799988,394.799988,385,385.600006,385.600006,16121049
1/5/2023,387.899994,388.75,382.5,386.899994,386.899994,10443908
1/6/2023,386.100006,388.399994,381,382,382,8715469
1/9/2023,386.350006,392.700012,385,389.450012,389.450012,14693099
1/10/2023,400,417.75,400,412.899994,412.899994,54021379
1/11/2023,415.75,420,413.549988,418.200012,418.200012,22224361
1/12/2023,420.299988,420.5,410.049988,412.25,412.25,12479034
1/13/2023,413,416.350006,408,411.5,411.5,10449630
1/16/2023,413.5,414.899994,407.600006,413,413,11462140
1/17/2023,413,419.450012,412.5,415.299988,415.299988,12337969
1/18/2023,415.899994,415.950012,407.450012,408.399994,408.399994,13310316
1/19/2023,406.5,407.799988,400.100006,400.75,400.75,13126520
1/20/2023,404,412.5,401.200012,403.149994,403.149994,23906114
1/23/2023,407,410.950012,405,408.399994,408.399994,13113183
1/24/2023,410,424,410,422.149994,422.149994,30197475
1/25/2023,423.75,427.25,417.700012,419.049988,419.049988,22975581
1/27/2023,438,453.399994,435.149994,445.600006,445.600006,63360467
1/30/2023,445.600006,450,437.649994,443.649994,443.649994,18316743
1/31/2023,443.700012,454.799988,440.899994,452.100006,452.100006,25154475
2/1/2023,456.799988,461.5,437.649994,446.649994,446.649994,23798589
2/2/2023,446.75,449.200012,440.700012,444.799988,444.799988,11344554
2/3/2023,447,450.799988,442.350006,445.450012,445.450012,13067403
2/6/2023,444.450012,447,439.549988,442,442,6795084
2/7/2023,441.700012,443.399994,432.899994,435.450012,435.450012,9023645
2/8/2023,435.450012,441,431.549988,440.100006,440.100006,8668267
2/9/2023,440,440.700012,433.549988,436.75,436.75,7349418
2/10/2023,437.950012,447.799988,431.200012,445.850006,445.850006,14798390
2/13/2023,445.5,446.899994,438.899994,441.049988,441.049988,8333767
2/14/2023,442,444.299988,434.399994,440.549988,440.549988,8565559
2/15/2023,438.5,444.899994,438.149994,444.149994,444.149994,9857016
2/16/2023,445,448.25,440.5,441.600006,441.600006,7670688
2/17/2023,436,442.450012,436,439.899994,439.899994,6955445
2/20/2023,441.799988,445.299988,436.25,443,443,9717197
